node_id,predicted_label,review_label,keep,uncertainty,num_points,num_views,view_ids,num_source_nodes,centroid_xyz,bbox_min_xyz,bbox_max_xyz,bbox_extent_xyz,top_open_vocab_scores,proposal_ids
object_001,floor,,,0.0503895465284586,4096,1,frame_000001,1,"[0.22513200342655182, -0.13144800066947937, 0.6614879965782166]","[0.05971900001168251, -0.3184739947319031, 0.5060290098190308]","[0.3657569885253906, 0.0355289988219738, 0.9246360063552856]","[0.3060390055179596, 0.35400301218032837, 0.4186069965362549]",floor:0.0757; ceiling:0.0620; door:0.0590; sofa:0.0582; cabinet:0.0573,frame_000001_sam_004
object_002,floor,,,0.037859176844358446,4096,1,frame_000001,1,"[0.16567200422286987, 0.21061600744724274, 0.5733159780502319]","[-0.08545300364494324, 0.1354829967021942, 0.4146139919757843]","[0.3372739851474762, 0.25164899230003357, 0.6472150087356567]","[0.42272698879241943, 0.11616600304841995, 0.23260100185871124]",floor:0.0817; bed:0.0712; door:0.0699; curtain:0.0679; sofa:0.0664,frame_000001_sam_009
object_003,floor,,,0.007715519843623041,8192,4,"frame_000001,frame_000002,frame_000003,frame_000010",4,"[0.03745200112462044, 0.015363000333309174, 0.6738409996032715]","[-0.062171999365091324, -0.06132100149989128, 0.6278179883956909]","[0.15531300008296967, 0.09219899773597717, 0.7068520188331604]","[0.2174839973449707, 0.15352000296115875, 0.0790330022573471]",floor:0.0679; bed:0.0539; counter:0.0535; sofa:0.0513; door:0.0480,"frame_000001_sam_008,frame_000002_sam_011,frame_000003_sam_011,frame_000010_sam_003"
object_004,bed,,,0.05162789337337017,4096,1,frame_000001,1,"[-0.4937179982662201, -0.4599190056324005, 1.1485539674758911]","[-0.6507520079612732, -0.6378899812698364, 1.0114619731903076]","[-0.14816400408744812, -0.29020199179649353, 1.3864229917526245]","[0.5025879740715027, 0.3476879894733429, 0.3749620020389557]",bed:0.0902; floor:0.0896; door:0.0841; curtain:0.0767; counter:0.0740,frame_000001_sam_007
object_005,floor,,,0.022670323401689528,4096,1,frame_000001,1,"[0.2695780098438263, 0.03666200116276741, 0.720749020576477]","[0.15725700557231903, -0.03390999883413315, 0.6292539834976196]","[0.3696500062942505, 0.09287700057029724, 0.7769110202789307]","[0.21239300072193146, 0.126787006855011, 0.14765800535678864]",floor:0.0923; bed:0.0843; curtain:0.0747; door:0.0732; ceiling:0.0717,frame_000001_sam_013
object_006,bed,,,0.026834120415151118,4096,1,frame_000001,1,"[0.3262749910354614, -0.29308098554611206, 0.7105479836463928]","[0.16237400472164154, -0.35916799306869507, 0.5058770179748535]","[0.43874600529670715, -0.17374500632286072, 0.788362979888916]","[0.2763719856739044, 0.18542400002479553, 0.2824859917163849]",bed:0.0582; curtain:0.0546; sofa:0.0534; floor:0.0522; door:0.0510,frame_000001_sam_005
object_007,floor,,,0.006959077436476946,8192,5,"frame_000001,frame_000002,frame_000003,frame_000004,frame_000010",6,"[-0.16809499263763428, 0.04823099821805954, 0.7806620001792908]","[-0.2559269964694977, -0.010208000428974628, 0.5550900101661682]","[-0.07075099647045135, 0.10051500052213669, 0.8431199789047241]","[0.18517599999904633, 0.11072299629449844, 0.2880299985408783]",floor:0.0735; bed:0.0710; door:0.0700; sofa:0.0652; curtain:0.0581,"frame_000001_sam_006,frame_000002_sam_008,frame_000003_sam_002,frame_000004_sam_007,frame_000004_sam_010,frame_000010_sam_007"
object_008,floor,,,0.02557464838027954,4058,1,frame_000001,1,"[-0.5742930173873901, -0.4151560068130493, 1.096932053565979]","[-0.6507520079612732, -0.48619699478149414, 0.9984560012817383]","[-0.4309299886226654, -0.29020199179649353, 1.204103946685791]","[0.2198220044374466, 0.1959950029850006, 0.2056480050086975]",floor:0.0825; bed:0.0748; curtain:0.0731; door:0.0726; sofa:0.0669,frame_000001_sam_011
object_009,floor,,,0.01225333292968571,8192,4,"frame_000001,frame_000002,frame_000003,frame_000010",4,"[-0.11738800257444382, -0.1323390007019043, 0.9894729852676392]","[-0.22231300175189972, -0.23299799859523773, 0.8735640048980713]","[0.01400499977171421, -0.04305500164628029, 1.2131370306015015]","[0.23631900548934937, 0.18994300067424774, 0.3395729959011078]",floor:0.0980; door:0.0851; bed:0.0839; sofa:0.0754; counter:0.0736,"frame_000001_sam_015,frame_000002_sam_023,frame_000003_sam_006,frame_000010_sam_009"
object_010,floor,,,0.020639802142977712,8192,4,"frame_000001,frame_000002,frame_000003,frame_000010",4,"[-0.3347040116786957, -0.5881069898605347, 1.2614719867706299]","[-0.5704609751701355, -0.8315219879150391, 1.0056869983673096]","[0.07731100171804428, -0.45152100920677185, 1.5284340381622314]","[0.647773027420044, 0.3800010085105896, 0.5227479934692383]",floor:0.0601; door:0.0564; curtain:0.0544; cabinet:0.0495; bed:0.0492,"frame_000001_sam_012,frame_000002_sam_010,frame_000003_sam_004,frame_000010_sam_010"
object_011,floor,,,0.007278024032711982,8192,4,"frame_000001,frame_000002,frame_000004,frame_000010",4,"[-0.3843030035495758, 0.137473002076149, 0.6938459873199463]","[-0.650085985660553, 0.05210400000214577, 0.5419179797172546]","[-0.16289600729942322, 0.25501298904418945, 0.7753379940986633]","[0.48719099164009094, 0.20290899276733398, 0.2334199994802475]",floor:0.0962; bed:0.0753; door:0.0730; sofa:0.0674; counter:0.0657,"frame_000001_sam_002,frame_000002_sam_016,frame_000004_sam_008,frame_000010_sam_006"
object_012,floor,,,0.005569666251540184,7999,4,"frame_000001,frame_000002,frame_000003,frame_000010",4,"[-0.15510399639606476, -0.23867100477218628, 0.9663900136947632]","[-0.2234099954366684, -0.30042600631713867, 0.9275050163269043]","[-0.0886479988694191, -0.1852640062570572, 1.0333919525146484]","[0.1347620040178299, 0.1151610016822815, 0.10588700324296951]",floor:0.0582; counter:0.0542; bed:0.0538; curtain:0.0521; ceiling:0.0501,"frame_000001_sam_010,frame_000002_sam_018,frame_000003_sam_009,frame_000010_sam_011"
object_013,sofa,,,0.013291002810001373,1469,1,frame_000001,1,"[-0.4293240010738373, 0.05714400112628937, 0.757070004940033]","[-0.49637100100517273, 0.00014699999883305281, 0.7163800001144409]","[-0.38499701023101807, 0.10434400290250778, 0.8228560090065002]","[0.11137399822473526, 0.10419700294733047, 0.10647600144147873]",sofa:0.0687; floor:0.0684; door:0.0650; curtain:0.0632; bed:0.0618,frame_000001_sam_001
object_014,floor,,,0.010788865853101015,3000,2,"frame_000001,frame_000003",3,"[-0.001715000020340085, -0.2563050091266632, 1.0328149795532227]","[-0.13913600146770477, -0.3656710088253021, 0.7070599794387817]","[0.10389599949121475, -0.13478200137615204, 1.1468260288238525]","[0.24303199350833893, 0.23088900744915009, 0.439765989780426]",floor:0.0683; bed:0.0567; counter:0.0559; door:0.0545; ceiling:0.0526,"frame_000001_sam_016,frame_000001_sam_017,frame_000003_sam_014"
object_015,counter,,,0.010106654930859804,954,1,frame_000001,1,"[-0.5040779709815979, -0.07055199891328812, 0.8966460227966309]","[-0.5393919944763184, -0.1149199977517128, 0.8723819851875305]","[-0.4753369987010956, -0.03309499844908714, 0.950793981552124]","[0.06405600160360336, 0.08182600140571594, 0.07841300219297409]",counter:0.0502; floor:0.0492; curtain:0.0491; bed:0.0422; ceiling:0.0409,frame_000001_sam_019
object_016,floor,,,0.02136556953191757,889,1,frame_000001,1,"[-0.022909000515937805, -0.5729749798774719, 1.353479027748108]","[-0.12176000326871872, -0.6355010271072388, 1.3067469596862793]","[0.08056899905204773, -0.5115579962730408, 1.4095159769058228]","[0.20232799649238586, 0.12394200265407562, 0.10276900231838226]",floor:0.0663; curtain:0.0659; bed:0.0651; counter:0.0648; door:0.0615,frame_000001_sam_018
object_017,bed,,,0.011082868929952383,758,1,frame_000001,1,"[-0.4447070062160492, -0.10488799959421158, 0.9389579892158508]","[-0.4953309893608093, -0.14065900444984436, 0.9110850095748901]","[-0.4040069878101349, -0.06744600087404251, 0.9762089848518372]","[0.09132400155067444, 0.07321300357580185, 0.06512399762868881]",bed:0.0608; curtain:0.0548; sofa:0.0504; floor:0.0501; counter:0.0500,frame_000001_sam_014
object_018,curtain,,,0.06831932365894318,413,1,frame_000001,1,"[0.2316180020570755, -0.3915640115737915, 0.9098320007324219]","[0.1282390058040619, -0.4744560122489929, 0.5949550271034241]","[0.2791149914264679, -0.24646900594234467, 1.0224289894104004]","[0.1508760005235672, 0.22798700630664825, 0.4274739921092987]",curtain:0.0459; floor:0.0452; sofa:0.0434; counter:0.0433; bed:0.0377,frame_000001_sam_003
object_019,floor,,,0.03327337251976132,8192,7,"frame_000002,frame_000003,frame_000004,frame_000006,frame_000007,frame_000008,frame_000009",8,"[-0.5612059831619263, 0.36963599920272827, 0.8927670121192932]","[-0.8483359813690186, 0.10214699804782867, 0.48238301277160645]","[-0.23325100541114807, 0.6197760105133057, 1.2439340353012085]","[0.6150850057601929, 0.5176290273666382, 0.7615519762039185]",floor:0.0692; curtain:0.0683; door:0.0645; bed:0.0593; cabinet:0.0586,"frame_000002_sam_007,frame_000002_sam_009,frame_000003_sam_005,frame_000004_sam_002,frame_000006_sam_006,frame_000007_sam_004,frame_000008_sam_006,frame_000009_sam_008"
object_020,curtain,,,0.060762273520231246,4096,1,frame_000002,1,"[0.14678899943828583, -0.18305499851703644, 0.7765300273895264]","[0.04745199903845787, -0.44553500413894653, 0.5966209769248962]","[0.2708980143070221, -0.04961099848151207, 1.0719540119171143]","[0.22344599664211273, 0.39592498540878296, 0.4753339886665344]",curtain:0.0626; door:0.0623; floor:0.0622; bed:0.0574; ceiling:0.0533,frame_000002_sam_003
object_021,floor,,,0.0602369774132967,4096,1,frame_000002,1,"[0.1465339958667755, -0.18398000299930573, 0.7781509757041931]","[0.04745199903845787, -0.4487360119819641, 0.5966209769248962]","[0.27097898721694946, 0.06280700117349625, 1.0864700078964233]","[0.2235269993543625, 0.5115429759025574, 0.4898500144481659]",floor:0.0668; door:0.0644; bed:0.0605; curtain:0.0599; ceiling:0.0557,frame_000002_sam_017
object_022,floor,,,0.025064289383590222,4096,1,frame_000002,1,"[0.03942599892616272, 0.13286300003528595, 0.646236002445221]","[-0.09214399755001068, 0.08578500151634216, 0.5904359817504883]","[0.14482499659061432, 0.18768900632858276, 0.7068150043487549]","[0.236967995762825, 0.10190399736166, 0.11637900024652481]",floor:0.0679; bed:0.0542; ceiling:0.0520; counter:0.0474; door:0.0466,frame_000002_sam_013
object_023,floor,,,0.008985692299902438,8192,9,"frame_000002,frame_000003,frame_000004,frame_000005,frame_000006,frame_000007,frame_000008,frame_000009,frame_000010",10,"[-0.5006240010261536, 0.08433099836111069, 0.7260259985923767]","[-0.6321640014648438, -0.006645999848842621, 0.6384580135345459]","[-0.38399600982666016, 0.17422500252723694, 0.8259230256080627]","[0.2481680065393448, 0.18087099492549896, 0.18746499717235565]",floor:0.0716; bed:0.0692; sofa:0.0635; counter:0.0634; curtain:0.0617,"frame_000002_sam_002,frame_000003_sam_001,frame_000004_sam_001,frame_000005_sam_004,frame_000006_sam_002,frame_000007_sam_006,frame_000007_sam_010,frame_000008_sam_003,frame_000009_sam_002,frame_000010_sam_002"
object_024,door,,,0.01214214633218944,8192,2,"frame_000002,frame_000010",2,"[-0.6976479887962341, -0.15356500446796417, 0.7869970202445984]","[-0.7417960166931152, -0.28893500566482544, 0.721347987651825]","[-0.6454269886016846, -0.02375599928200245, 0.8540220260620117]","[0.09636899828910828, 0.26517900824546814, 0.13267399370670319]",door:0.0651; bed:0.0643; floor:0.0643; curtain:0.0557; sofa:0.0548,"frame_000002_sam_006,frame_000010_sam_001"
object_025,floor,,,0.018208528496325014,4096,1,frame_000002,1,"[-0.01320900022983551, 0.17523899674415588, 0.6059529781341553]","[-0.09664399921894073, 0.1440040022134781, 0.5801889896392822]","[0.09765399992465973, 0.2003210037946701, 0.6491029858589172]","[0.19429799914360046, 0.05631700158119202, 0.0689140036702156]",floor:0.0790; bed:0.0645; door:0.0621; curtain:0.0592; counter:0.0581,frame_000002_sam_014
object_026,curtain,,,0.016492275707423686,3811,1,frame_000002,1,"[0.17449599504470825, 0.12452500313520432, 0.6492639780044556]","[0.130390003323555, 0.053348999470472336, 0.47227901220321655]","[0.21662800014019012, 0.17440900206565857, 0.7208769917488098]","[0.08623799681663513, 0.12105900049209595, 0.24859799444675446]",curtain:0.0668; floor:0.0605; bed:0.0534; counter:0.0510; ceiling:0.0480,frame_000002_sam_019
object_027,floor,,,0.012760109268128872,2191,1,frame_000002,1,"[0.18231600522994995, 0.10293000191450119, 0.6680629849433899]","[0.14607100188732147, 0.05372299998998642, 0.6288110017776489]","[0.21662800014019012, 0.14241699874401093, 0.7208769917488098]","[0.07055699825286865, 0.0886949971318245, 0.0920649990439415]",floor:0.0637; curtain:0.0631; door:0.0580; bed:0.0565; sofa:0.0512,frame_000002_sam_005
object_028,curtain,,,0.015237584710121155,2152,1,frame_000002,1,"[0.17427299916744232, -0.47633299231529236, 1.0258779525756836]","[0.11088699847459793, -0.5235880017280579, 0.9715549945831299]","[0.2347950041294098, -0.4191589951515198, 1.081529974937439]","[0.12390699982643127, 0.10442899912595749, 0.10997500270605087]",curtain:0.0537; bed:0.0522; floor:0.0476; ceiling:0.0474; counter:0.0473,frame_000002_sam_004
object_029,floor,,,0.013012616196647286,3543,2,"frame_000002,frame_000003",2,"[-0.1722469925880432, -0.4714770019054413, 1.2381670475006104]","[-0.27796798944473267, -0.57853102684021, 1.1808810234069824]","[-0.06772200018167496, -0.41287899017333984, 1.3493729829788208]","[0.2102459967136383, 0.16565099358558655, 0.16849200427532196]",floor:0.0820; bed:0.0750; sofa:0.0720; door:0.0718; curtain:0.0703,"frame_000002_sam_027,frame_000003_sam_012"
object_030,floor,,,0.00952832456678152,1684,1,frame_000002,1,"[-0.11448799818754196, 0.15821799635887146, 0.6474859714508057]","[-0.15602299571037292, 0.13181599974632263, 0.6108670234680176]","[-0.08173000067472458, 0.1893250048160553, 0.6746900081634521]","[0.07429300248622894, 0.05750900134444237, 0.06382299959659576]",floor:0.0772; bed:0.0665; door:0.0648; ceiling:0.0633; counter:0.0629,frame_000002_sam_021
object_031,floor,,,0.0077636193484067915,1501,1,frame_000002,1,"[0.16386400163173676, 0.1556279957294464, 0.6224240064620972]","[0.12904100120067596, 0.13479900360107422, 0.47227901220321655]","[0.20367999374866486, 0.17440900206565857, 0.6414939761161804]","[0.07463899999856949, 0.03960900008678436, 0.16921499371528625]",floor:0.0738; curtain:0.0735; door:0.0686; sofa:0.0657; bed:0.0655,frame_000002_sam_001
object_032,floor,,,0.0150972737797669,8192,7,"frame_000003,frame_000004,frame_000005,frame_000006,frame_000007,frame_000008,frame_000009",7,"[-0.7704809904098511, -0.10179299861192703, 0.6984099745750427]","[-0.917110025882721, -0.302606999874115, 0.5277310013771057]","[-0.6385909914970398, 0.09225200116634369, 0.8681859970092773]","[0.27851998805999756, 0.3948589861392975, 0.34045499563217163]",floor:0.0788; door:0.0728; wall:0.0725; curtain:0.0719; counter:0.0712,"frame_000003_sam_003,frame_000004_sam_003,frame_000005_sam_002,frame_000006_sam_001,frame_000007_sam_005,frame_000008_sam_001,frame_000009_sam_003"
object_033,floor,,,0.005326707350711028,5932,3,"frame_000003,frame_000009,frame_000010",3,"[-0.506991982460022, -0.18926799297332764, 0.9877359867095947]","[-0.5883380174636841, -0.26411500573158264, 0.9380339980125427]","[-0.44728899002075195, -0.12116300314664841, 1.0688669681549072]","[0.14104899764060974, 0.14295099675655365, 0.1308329999446869]",floor:0.0597; curtain:0.0520; door:0.0476; ceiling:0.0455; counter:0.0432,"frame_000003_sam_017,frame_000009_sam_012,frame_000010_sam_005"
object_034,curtain,,,0.005567424162290989,6413,4,"frame_000003,frame_000004,frame_000005,frame_000007",4,"[-0.7540599703788757, 0.030484000220894814, 0.7919039726257324]","[-0.8289700150489807, -0.07135099917650223, 0.7204279899597168]","[-0.6675829887390137, 0.07611999660730362, 0.8822360038757324]","[0.16138699650764465, 0.14747099578380585, 0.16180899739265442]",curtain:0.0525; floor:0.0524; bed:0.0523; door:0.0497; sofa:0.0478,"frame_000003_sam_008,frame_000004_sam_012,frame_000005_sam_021,frame_000007_sam_008"
object_035,bed,,,0.00780096729286015,1126,1,frame_000003,1,"[-0.11720599979162216, 0.15094999969005585, 0.657023012638092]","[-0.15547099709510803, 0.13337700068950653, 0.6392099857330322]","[-0.08196199685335159, 0.1716810017824173, 0.6714149713516235]","[0.07350900024175644, 0.03830400109291077, 0.0322050005197525]",bed:0.0623; floor:0.0591; door:0.0540; sofa:0.0521; curtain:0.0484,frame_000003_sam_010
object_036,floor,,,0.010739328805357218,830,1,frame_000003,1,"[-0.833279013633728, 0.12890200316905975, 0.6503859758377075]","[-0.8744279742240906, 0.09584300220012665, 0.6178749799728394]","[-0.7984539866447449, 0.16453799605369568, 0.6849579811096191]","[0.0759740024805069, 0.06869500130414963, 0.06708300113677979]",floor:0.0582; curtain:0.0568; bed:0.0556; counter:0.0533; door:0.0499,frame_000003_sam_015
object_037,counter,,,0.00920653659850359,714,1,frame_000003,1,"[-0.24347500503063202, -0.19093799591064453, 0.9438220262527466]","[-0.2844420075416565, -0.22996799647808075, 0.9286479949951172]","[-0.20446200668811798, -0.16354499757289886, 0.9841139912605286]","[0.0799809992313385, 0.06642299890518188, 0.055465999990701675]",counter:0.0473; curtain:0.0398; floor:0.0392; ceiling:0.0331; cabinet:0.0321,frame_000003_sam_018
object_038,bed,,,0.003693666844628751,3066,4,"frame_000003,frame_000004,frame_000005,frame_000009",4,"[-0.4499109983444214, -0.10365000367164612, 0.9380480051040649]","[-0.4963400065898895, -0.14271000027656555, 0.9082239866256714]","[-0.4063589870929718, -0.06341800093650818, 0.9808729887008667]","[0.08997999876737595, 0.07929199934005737, 0.07264900207519531]",bed:0.0628; sofa:0.0536; cabinet:0.0535; counter:0.0535; floor:0.0528,"frame_000003_sam_007,frame_000004_sam_006,frame_000005_sam_006,frame_000009_sam_010"
object_039,floor,,,0.009119796752929687,482,1,frame_000003,1,"[-0.5373809933662415, -0.12916100025177002, 0.9142510294914246]","[-0.5694109797477722, -0.16902999579906464, 0.8452699780464172]","[-0.5124359726905823, -0.09689100086688995, 0.9572150111198425]","[0.056974999606609344, 0.07213900238275528, 0.11194399744272232]",floor:0.0473; counter:0.0452; ceiling:0.0435; curtain:0.0394; door:0.0346,frame_000003_sam_016
object_040,curtain,,,0.00575513681396842,423,1,frame_000003,1,"[-0.022450000047683716, -0.06324999779462814, 0.6756460070610046]","[-0.047988999634981155, -0.07357800006866455, 0.6679990291595459]","[0.0028840000741183758, -0.0531889982521534, 0.6833320260047913]","[0.05087200179696083, 0.020388999953866005, 0.015333999879658222]",curtain:0.0568; door:0.0563; floor:0.0547; counter:0.0538; bottle:0.0433,frame_000003_sam_013
object_041,floor,,,0.0313057616353035,8192,2,"frame_000004,frame_000009",3,"[-1.0237640142440796, -0.2622919976711273, 0.5936989784240723]","[-1.231956958770752, -0.5670549869537354, 0.3853110074996948]","[-0.6122480034828186, -0.05222199857234955, 0.9593819975852966]","[0.6197090148925781, 0.5148329734802246, 0.5740699768066406]",floor:0.0865; curtain:0.0760; bed:0.0738; door:0.0726; sofa:0.0679,"frame_000004_sam_004,frame_000004_sam_005,frame_000009_sam_009"
object_042,floor,,,0.014245897019281983,7525,2,"frame_000004,frame_000009",2,"[-0.469309002161026, -0.5580970048904419, 1.109274983406067]","[-0.5837929844856262, -0.7016770243644714, 0.8365910053253174]","[-0.1512479931116104, -0.4510529935359955, 1.2854609489440918]","[0.4325439929962158, 0.25062400102615356, 0.4488700032234192]",floor:0.0795; door:0.0766; bed:0.0746; curtain:0.0732; sofa:0.0672,"frame_000004_sam_009,frame_000009_sam_006"
object_043,floor,,,0.010486757848411798,8192,2,"frame_000004,frame_000009",3,"[-0.8438940048217773, 0.29326000809669495, 0.49049198627471924]","[-0.9298059940338135, 0.21605999767780304, 0.4199979901313782]","[-0.6705899834632874, 0.42628100514411926, 0.5540140271186829]","[0.2592160105705261, 0.21022099256515503, 0.1340160071849823]",floor:0.0654; curtain:0.0542; counter:0.0517; door:0.0514; bed:0.0488,"frame_000004_sam_011,frame_000009_sam_005,frame_000009_sam_013"
object_044,curtain,,,0.005965548707172274,2792,2,"frame_000004,frame_000005",2,"[-0.5006049871444702, -0.17318199574947357, 0.976688027381897]","[-0.5553979873657227, -0.2376450002193451, 0.9494699835777283]","[-0.4461210072040558, -0.11992000043392181, 1.0234140157699585]","[0.10927700251340866, 0.11772499978542328, 0.07394400238990784]",curtain:0.0664; floor:0.0541; counter:0.0506; door:0.0506; bed:0.0491,"frame_000004_sam_013,frame_000005_sam_015"
object_045,floor,,,0.03249412178993225,782,1,frame_000004,1,"[-0.5265030264854431, -0.49756500124931335, 1.0551949739456177]","[-0.6007930040359497, -0.5698450207710266, 0.9643129706382751]","[-0.4025290012359619, -0.44343098998069763, 1.173941969871521]","[0.1982640027999878, 0.12641499936580658, 0.20962999761104584]",floor:0.1100; door:0.0916; bed:0.0902; counter:0.0840; sofa:0.0793,frame_000004_sam_015
object_046,counter,,,0.01014353223145008,741,1,frame_000004,1,"[-0.33538100123405457, -0.2758510112762451, 1.0156049728393555]","[-0.38056498765945435, -0.31431999802589417, 1.0046789646148682]","[-0.30226001143455505, -0.24957600235939026, 1.038722038269043]","[0.07830499857664108, 0.0647440031170845, 0.034042999148368835]",counter:0.0523; bed:0.0513; floor:0.0468; door:0.0463; cabinet:0.0458,frame_000004_sam_016
object_047,floor,,,0.00587808124255389,993,2,"frame_000004,frame_000005",2,"[-0.5458080172538757, -0.21284599602222443, 0.9954990148544312]","[-0.583782970905304, -0.26036301255226135, 0.961135983467102]","[-0.506181001663208, -0.1721460074186325, 1.048326015472412]","[0.07760199904441833, 0.08821800351142883, 0.08718899637460709]",floor:0.0775; curtain:0.0729; counter:0.0719; bed:0.0712; door:0.0684,"frame_000004_sam_014,frame_000005_sam_019"
object_048,floor,,,0.02448401553556323,8192,4,"frame_000005,frame_000006,frame_000007,frame_000008",4,"[-0.5705260038375854, 0.1659040004014969, 0.6598960161209106]","[-0.8721749782562256, -0.0844929963350296, 0.43832099437713623]","[-0.27246201038360596, 0.3699969947338104, 0.9302930235862732]","[0.5997130274772644, 0.45449098944664, 0.49197301268577576]",floor:0.1008; bed:0.0819; counter:0.0778; ceiling:0.0770; sofa:0.0733,"frame_000005_sam_010,frame_000006_sam_004,frame_000007_sam_003,frame_000008_sam_002"
object_049,floor,,,0.026891456171870227,8192,3,"frame_000005,frame_000007,frame_000008",3,"[-1.1434359550476074, 0.01623000018298626, 0.5413609743118286]","[-1.3813329935073853, -0.39081698656082153, 0.2741760015487671]","[-0.7267339825630188, 0.3561069965362549, 0.810263991355896]","[0.6545990109443665, 0.7469239830970764, 0.5360890030860901]",floor:0.0892; door:0.0823; cabinet:0.0821; curtain:0.0775; bed:0.0759,"frame_000005_sam_003,frame_000007_sam_001,frame_000008_sam_007"
object_050,floor,,,0.04278221502900124,4096,1,frame_000005,1,"[-0.7951819896697998, 0.47756698727607727, 0.44929999113082886]","[-1.135401964187622, 0.24081799387931824, 0.33171701431274414]","[-0.6459959745407104, 0.658266007900238, 0.575206995010376]","[0.4894059896469116, 0.4174480140209198, 0.24348999559879303]",floor:0.0706; bed:0.0684; counter:0.0648; door:0.0648; ceiling:0.0624,frame_000005_sam_017
object_051,floor,,,0.0402227807790041,4096,1,frame_000005,1,"[-0.8371899724006653, 0.44936200976371765, 0.4425719976425171]","[-1.143125057220459, 0.25236600637435913, 0.3314230144023895]","[-0.6463900208473206, 0.5541759729385376, 0.5260589718818665]","[0.49673500657081604, 0.30180999636650085, 0.1946360021829605]",floor:0.0926; bed:0.0898; counter:0.0865; door:0.0836; cabinet:0.0764,frame_000005_sam_014
object_052,curtain,,,0.03282801993191242,4096,1,frame_000005,1,"[-0.725587010383606, 0.5264340043067932, 0.46162500977516174]","[-0.8188499808311462, 0.4143030047416687, 0.3440600037574768]","[-0.6458650231361389, 0.658266007900238, 0.5757880210876465]","[0.1729860007762909, 0.24396300315856934, 0.23172800242900848]",curtain:0.0585; door:0.0497; sofa:0.0451; floor:0.0448; cabinet:0.0437,frame_000005_sam_007
object_053,floor,,,0.041298619285225865,4096,1,frame_000005,1,"[-1.1678069829940796, 0.5144839882850647, 0.41202598810195923]","[-1.3173279762268066, 0.3566420078277588, 0.326884001493454]","[-0.8618360161781311, 0.6060349941253662, 0.5042889714241028]","[0.45549100637435913, 0.24939300119876862, 0.1774049997329712]",floor:0.0735; curtain:0.0683; counter:0.0597; door:0.0577; bed:0.0564,frame_000005_sam_012
object_054,bed,,,0.05876103490591049,4096,1,frame_000005,1,"[-0.7019379734992981, 0.5040389895439148, 0.6795089840888977]","[-0.8340470194816589, 0.2941940128803253, 0.4850989878177643]","[-0.5356109738349915, 0.6313779950141907, 0.888916015625]","[0.2984350025653839, 0.33718401193618774, 0.40381699800491333]",bed:0.0680; curtain:0.0677; door:0.0618; counter:0.0589; floor:0.0582,frame_000005_sam_013
object_055,floor,,,0.006340212840586901,8192,4,"frame_000005,frame_000006,frame_000007,frame_000008",4,"[-0.8491569757461548, 0.28582701086997986, 0.4835140109062195]","[-0.923255980014801, 0.2127149999141693, 0.4192489981651306]","[-0.7437580227851868, 0.38223400712013245, 0.5514640212059021]","[0.17949900031089783, 0.16951900720596313, 0.1322149932384491]",floor:0.0912; ceiling:0.0783; counter:0.0739; sofa:0.0728; bed:0.0710,"frame_000005_sam_008,frame_000006_sam_007,frame_000007_sam_015,frame_000008_sam_004"
object_056,floor,,,0.0344138290733099,2515,1,frame_000005,1,"[-1.2198810577392578, 0.3550400137901306, 0.4638260006904602]","[-1.3382689952850342, 0.25004899501800537, 0.3963940143585205]","[-1.067850947380066, 0.49920400977134705, 0.5313050150871277]","[0.2704179883003235, 0.24915499985218048, 0.13491100072860718]",floor:0.0871; curtain:0.0755; door:0.0707; counter:0.0676; ceiling:0.0646,frame_000005_sam_022
object_057,floor,,,0.034032165259122844,2478,1,frame_000005,1,"[-1.2942630052566528, -0.018598999828100204, 0.3572939932346344]","[-1.3825900554656982, -0.13681000471115112, 0.21413899958133698]","[-1.1391849517822266, 0.08478400111198425, 0.5099779963493347]","[0.2434059977531433, 0.22159400582313538, 0.29583999514579773]",floor:0.0745; door:0.0665; bed:0.0655; curtain:0.0650; cabinet:0.0627,frame_000005_sam_001
object_058,floor,,,0.024043426662683488,1265,1,frame_000005,1,"[-1.3189539909362793, -0.007571000140160322, 0.32502999901771545]","[-1.3809399604797363, -0.09127099812030792, 0.21413899958133698]","[-1.2177000045776367, 0.06782600283622742, 0.4287729859352112]","[0.16324099898338318, 0.15909700095653534, 0.2146349996328354]",floor:0.0681; curtain:0.0600; door:0.0594; bed:0.0590; cabinet:0.0587,frame_000005_sam_016
object_059,counter,,,0.013476573675870894,953,1,frame_000005,1,"[-0.9111970067024231, 0.12049199640750885, 0.6341260075569153]","[-0.9856489896774292, 0.0702740028500557, 0.6041010022163391]","[-0.8575549721717834, 0.16033299267292023, 0.6644899845123291]","[0.12809400260448456, 0.09005899727344513, 0.06038900092244148]",counter:0.0538; bed:0.0526; floor:0.0525; curtain:0.0497; door:0.0497,frame_000005_sam_011
object_060,floor,,,0.01104004724572102,8192,3,"frame_000005,frame_000007,frame_000008",3,"[-0.8939970135688782, 0.7521759867668152, 0.36083900928497314]","[-1.0176609754562378, 0.37935900688171387, 0.06814199686050415]","[-0.7374169826507568, 0.8928419947624207, 0.4916670024394989]","[0.28024500608444214, 0.5134829878807068, 0.42352500557899475]",floor:0.0791; curtain:0.0737; door:0.0654; counter:0.0613; ceiling:0.0593,"frame_000005_sam_009,frame_000007_sam_014,frame_000008_sam_010"
object_061,floor,,,0.011283628083765507,544,1,frame_000005,1,"[-0.9015489816665649, 0.23932099342346191, 0.5495659708976746]","[-1.1040079593658447, 0.2102999985218048, 0.5134680271148682]","[-0.8277580142021179, 0.27882298827171326, 0.624845027923584]","[0.2762489914894104, 0.06852299720048904, 0.11137700080871582]",floor:0.0681; counter:0.0673; bed:0.0655; door:0.0644; curtain:0.0612,frame_000005_sam_020
object_062,floor,,,0.04170348420739174,8192,2,"frame_000006,frame_000008",2,"[-1.1314419507980347, 0.4656760096549988, 0.3021849989891052]","[-1.3522709608078003, 0.09998100250959396, 0.04243899881839752]","[-0.8205299973487854, 0.8830100297927856, 0.510200023651123]","[0.5317410230636597, 0.7830280065536499, 0.46776100993156433]",floor:0.0912; curtain:0.0878; counter:0.0763; door:0.0762; bed:0.0742,"frame_000006_sam_003,frame_000008_sam_005"
object_063,floor,,,0.02420854065567255,8192,2,"frame_000006,frame_000007",2,"[-1.3064589500427246, 0.2348719984292984, 0.3038080036640167]","[-1.3771460056304932, 0.03185899928212166, 0.10678499937057495]","[-1.058717966079712, 0.4826180040836334, 0.5151219964027405]","[0.31842800974845886, 0.45075899362564087, 0.4083369970321655]",floor:0.1030; door:0.0776; curtain:0.0737; ceiling:0.0730; counter:0.0687,"frame_000006_sam_008,frame_000007_sam_007"
object_064,floor,,,0.020456590130925174,8192,3,"frame_000006,frame_000007,frame_000008",3,"[-0.6963009834289551, 0.4986110031604767, 0.6698390245437622]","[-0.8393489718437195, 0.27278900146484375, 0.4730690121650696]","[-0.5096759796142578, 0.6406959891319275, 0.8785030245780945]","[0.32967400550842285, 0.36790698766708374, 0.4054340124130249]",floor:0.0579; bed:0.0558; door:0.0550; sofa:0.0478; cabinet:0.0476,"frame_000006_sam_010,frame_000007_sam_017,frame_000008_sam_011"
object_065,counter,,,0.0067910953424870964,1787,2,"frame_000006,frame_000007",2,"[-0.9116479754447937, 0.11999399960041046, 0.6314060091972351]","[-0.9898750185966492, 0.06930600106716156, 0.6001350283622742]","[-0.859408974647522, 0.1625639945268631, 0.6586660146713257]","[0.13046599924564362, 0.09325800091028214, 0.05852999910712242]",counter:0.0432; floor:0.0410; bed:0.0386; sofa:0.0354; door:0.0346,"frame_000006_sam_009,frame_000007_sam_009"
object_066,floor,,,0.00810648410115391,1433,2,"frame_000006,frame_000007",2,"[-1.2295269966125488, 0.3049139976501465, 0.48003900051116943]","[-1.3287440538406372, 0.24558499455451965, 0.39784300327301025]","[-0.9016770124435425, 0.39612698554992676, 0.5720760226249695]","[0.42706701159477234, 0.1505430042743683, 0.17423300445079803]",floor:0.0683; counter:0.0649; bed:0.0645; door:0.0619; curtain:0.0604,"frame_000006_sam_011,frame_000007_sam_011"
object_067,ceiling,,,0.014117380231618881,585,1,frame_000006,1,"[-0.6509439945220947, -0.12502899765968323, 0.9211919903755188]","[-0.6943169832229614, -0.15834100544452667, 0.8109869956970215]","[-0.5611630082130432, -0.09656699746847153, 0.968500018119812]","[0.1331540048122406, 0.06177400052547455, 0.15751400589942932]",ceiling:0.0593; floor:0.0587; curtain:0.0546; counter:0.0536; door:0.0485,frame_000006_sam_012
object_068,counter,,,0.007357073435559868,360,1,frame_000006,1,"[-0.6642659902572632, 0.41344401240348816, 0.5167670249938965]","[-0.6808570027351379, 0.3498559892177582, 0.46792900562286377]","[-0.612883985042572, 0.44439399242401123, 0.5431259870529175]","[0.06797300279140472, 0.09453699737787247, 0.0751969963312149]",counter:0.0555; curtain:0.0441; floor:0.0385; door:0.0384; cabinet:0.0339,frame_000006_sam_005
object_069,floor,,,0.09248995184898376,4096,1,frame_000007,1,"[-1.0538469552993774, 0.49957001209259033, 0.24945899844169617]","[-1.341318964958191, 0.1402679979801178, -0.01800600066781044]","[-0.7374169826507568, 0.8919519782066345, 0.4985640048980713]","[0.6039019823074341, 0.7516840100288391, 0.516569972038269]",floor:0.0878; ceiling:0.0784; cabinet:0.0771; door:0.0762; curtain:0.0685,frame_000007_sam_002
object_070,floor,,,0.03860662691295147,4096,1,frame_000007,1,"[-0.8799179792404175, 0.7569580078125, 0.32751500606536865]","[-0.948360025882721, 0.6143800020217896, 0.18382999300956726]","[-0.7374169826507568, 0.8928419947624207, 0.48282501101493835]","[0.21094299852848053, 0.2784610092639923, 0.2989949882030487]",floor:0.0997; curtain:0.0825; door:0.0814; ceiling:0.0759; cabinet:0.0687,frame_000007_sam_013
object_071,curtain,,,0.027922283671796323,4096,1,frame_000007,1,"[-0.9674929976463318, 0.5272679924964905, 0.17517800629138947]","[-1.0180180072784424, 0.37935900688171387, 0.06750799715518951]","[-0.8892899751663208, 0.6189240217208862, 0.27466100454330444]","[0.1287280023097992, 0.23956499993801117, 0.20715300738811493]",curtain:0.0821; floor:0.0779; door:0.0747; ceiling:0.0723; cabinet:0.0658,frame_000007_sam_018
object_072,bed,,,0.02729934062808752,2122,1,frame_000007,1,"[-0.7091360092163086, 0.6767770051956177, 0.518189013004303]","[-0.7883729934692383, 0.5940260291099548, 0.4257420003414154]","[-0.6495230197906494, 0.8021600246429443, 0.6134750247001648]","[0.13885000348091125, 0.2081339955329895, 0.18773199617862701]",bed:0.0697; floor:0.0648; curtain:0.0645; cabinet:0.0629; door:0.0622,frame_000007_sam_016
object_073,counter,,,0.0040241439943201835,957,2,"frame_000007,frame_000008",2,"[-0.8222349882125854, 0.09151700139045715, 0.7281699776649475]","[-0.8514429926872253, 0.059046000242233276, 0.7036799788475037]","[-0.7947580218315125, 0.12228000164031982, 0.756738007068634]","[0.05668500065803528, 0.06323400139808655, 0.05305799841880798]",counter:0.0493; curtain:0.0425; bed:0.0421; floor:0.0411; door:0.0373,"frame_000007_sam_012,frame_000008_sam_009"
object_074,floor,,,0.012215236108750105,602,1,frame_000008,1,"[-0.7790279984474182, -0.37805500626564026, 0.7898229956626892]","[-0.797996997833252, -0.4490109980106354, 0.7531329989433289]","[-0.7029449939727783, -0.3033590018749237, 0.8235020041465759]","[0.09505199640989304, 0.14565199613571167, 0.07036899775266647]",floor:0.0676; door:0.0672; counter:0.0631; curtain:0.0575; ceiling:0.0575,frame_000008_sam_008
object_075,bed,,,0.027964532375335693,1887,1,frame_000009,1,"[-1.1633269786834717, -0.1914059966802597, 0.4434199929237366]","[-1.2449909448623657, -0.2954210042953491, 0.3246249854564667]","[-1.0354809761047363, -0.10680799931287766, 0.5667619705200195]","[0.20950999855995178, 0.18861299753189087, 0.24213699996471405]",bed:0.0523; floor:0.0496; curtain:0.0491; door:0.0481; sofa:0.0473,frame_000009_sam_001
object_076,curtain,,,0.014035238977521658,838,1,frame_000009,1,"[-0.5393499732017517, -0.13098999857902527, 0.9065650105476379]","[-0.5666630268096924, -0.17507199943065643, 0.8462299704551697]","[-0.5146160125732422, -0.09508900344371796, 0.9571040272712708]","[0.052046999335289, 0.07998300343751907, 0.1108739972114563]",curtain:0.0672; floor:0.0596; ceiling:0.0541; sofa:0.0514; door:0.0487,frame_000009_sam_007
object_077,floor,,,0.007751559745520353,644,1,frame_000009,1,"[-0.3020409941673279, 0.13493700325489044, 0.7334100008010864]","[-0.31383800506591797, 0.09873499721288681, 0.726656973361969]","[-0.2840999960899353, 0.17463600635528564, 0.7399669885635376]","[0.02973799966275692, 0.07590100169181824, 0.013309000059962273]",floor:0.0668; curtain:0.0653; door:0.0612; counter:0.0603; sofa:0.0531,frame_000009_sam_004
object_078,curtain,,,0.010496978648006916,430,1,frame_000009,1,"[-0.54066401720047, 0.0295609999448061, 0.7869139909744263]","[-0.576708972454071, 0.00305499997921288, 0.7584030032157898]","[-0.5076349973678589, 0.05724300071597099, 0.8168529868125916]","[0.06907399743795395, 0.05418799817562103, 0.05844999849796295]",curtain:0.0610; cabinet:0.0539; counter:0.0496; door:0.0438; sofa:0.0433,frame_000009_sam_011
object_079,floor,,,0.04195706471800804,4096,1,frame_000010,1,"[0.13482199609279633, -0.23706799745559692, 0.8033400177955627]","[0.05602100118994713, -0.5316020250320435, 0.6295040249824524]","[0.2325039952993393, -0.06232900172472, 1.032593011856079]","[0.17648300528526306, 0.4692719876766205, 0.4030900001525879]",floor:0.0631; door:0.0625; bed:0.0601; ceiling:0.0551; curtain:0.0539,frame_000010_sam_004
object_080,floor,,,0.014086487609893082,2276,1,frame_000010,1,"[0.1672780066728592, -0.474016010761261, 0.9771720170974731]","[0.08713500201702118, -0.5335440039634705, 0.6351940035820007]","[0.2583160102367401, -0.2793079912662506, 1.0289560556411743]","[0.17118099331855774, 0.25423601269721985, 0.3937619924545288]",floor:0.0749; ceiling:0.0739; bed:0.0723; curtain:0.0695; door:0.0693,frame_000010_sam_008
